women,women,women,women,women,men,men,men,men,men
women,women,women,women,women,men,men,men,men,men
women,women,women,women,women,men,men,men,men,men
women,women,women,women,women,men,men,men,men,men
women,women,women,women,women,men,men,men,men,men
women,women,women,women,women,men,men,men,men,men
women,women,women,women,women,men,men,men,men,men
women,women,women,women,women,men,men,men,men,men
women,women,women,women,women,men,men,men,men,men
women,women,women,women,women,men,men,men,men,men
